tau,current(ih)
0.0011,1.98
0.00069,1.01
0.0009000000000000001,1.49
0.0005,0.52
0.00135,2.5
0.001,1.75
0.00069,1.2
0.0005,0.83
