tau,current
0.0,0.0
0.0006,2.0
0.0004,1.35
0.00085,3.06
0.00091,3.53
0.0005,1.11
0.0002,0.65
0.00025,1.03
0.0007,2.45
