tau,sin(theta)
0.0,0.0
0.00055,0.49999999999999994
0.0009000000000000001,0.7071067811865476
0.0013000000000000002,0.8660254037844386
0.0015,1.0
